-7.65346664387248e-03,0.00000000000000e+00,0.00000000000000e+00,0.00000000000000e+00,0.00000000000000e+00,0.00000000000000e+00,0.00000000000000e+00,0.00000000000000e+00,0.00000000000000e+00,0.00000000000000e+00,0.00000000000000e+00,0.00000000000000e+00,0.00000000000000e+00,0.00000000000000e+00,0.00000000000000e+00,0.00000000000000e+00,0.00000000000000e+00,0.00000000000000e+00,0.00000000000000e+00,0.00000000000000e+00
-2.56603009727332e-04,0.00000000000000e+00,0.00000000000000e+00,0.00000000000000e+00,0.00000000000000e+00,0.00000000000000e+00,0.00000000000000e+00,0.00000000000000e+00,0.00000000000000e+00,0.00000000000000e+00,0.00000000000000e+00,0.00000000000000e+00,0.00000000000000e+00,0.00000000000000e+00,0.00000000000000e+00,0.00000000000000e+00,0.00000000000000e+00,0.00000000000000e+00,0.00000000000000e+00,0.00000000000000e+00
1.13358953867733e-03,0.00000000000000e+00,0.00000000000000e+00,0.00000000000000e+00,0.00000000000000e+00,0.00000000000000e+00,0.00000000000000e+00,0.00000000000000e+00,0.00000000000000e+00,0.00000000000000e+00,0.00000000000000e+00,0.00000000000000e+00,0.00000000000000e+00,0.00000000000000e+00,0.00000000000000e+00,0.00000000000000e+00,0.00000000000000e+00,0.00000000000000e+00,0.00000000000000e+00,0.00000000000000e+00
-1.02154682987670e-03,0.00000000000000e+00,0.00000000000000e+00,0.00000000000000e+00,0.00000000000000e+00,0.00000000000000e+00,0.00000000000000e+00,0.00000000000000e+00,0.00000000000000e+00,0.00000000000000e+00,0.00000000000000e+00,0.00000000000000e+00,0.00000000000000e+00,0.00000000000000e+00,0.00000000000000e+00,0.00000000000000e+00,0.00000000000000e+00,0.00000000000000e+00,0.00000000000000e+00,0.00000000000000e+00
1.65441727212787e-03,0.00000000000000e+00,0.00000000000000e+00,0.00000000000000e+00,0.00000000000000e+00,0.00000000000000e+00,0.00000000000000e+00,0.00000000000000e+00,0.00000000000000e+00,0.00000000000000e+00,0.00000000000000e+00,0.00000000000000e+00,0.00000000000000e+00,0.00000000000000e+00,0.00000000000000e+00,0.00000000000000e+00,0.00000000000000e+00,0.00000000000000e+00,0.00000000000000e+00,0.00000000000000e+00
8.92665731510314e-04,0.00000000000000e+00,0.00000000000000e+00,0.00000000000000e+00,0.00000000000000e+00,0.00000000000000e+00,0.00000000000000e+00,0.00000000000000e+00,0.00000000000000e+00,0.00000000000000e+00,0.00000000000000e+00,0.00000000000000e+00,0.00000000000000e+00,0.00000000000000e+00,0.00000000000000e+00,0.00000000000000e+00,0.00000000000000e+00,0.00000000000000e+00,0.00000000000000e+00,0.00000000000000e+00
1.11953627060903e-06,0.00000000000000e+00,0.00000000000000e+00,0.00000000000000e+00,0.00000000000000e+00,0.00000000000000e+00,0.00000000000000e+00,0.00000000000000e+00,0.00000000000000e+00,0.00000000000000e+00,0.00000000000000e+00,0.00000000000000e+00,0.00000000000000e+00,0.00000000000000e+00,0.00000000000000e+00,0.00000000000000e+00,0.00000000000000e+00,0.00000000000000e+00,0.00000000000000e+00,0.00000000000000e+00
5.27944344799107e-04,0.00000000000000e+00,0.00000000000000e+00,0.00000000000000e+00,0.00000000000000e+00,0.00000000000000e+00,0.00000000000000e+00,0.00000000000000e+00,0.00000000000000e+00,0.00000000000000e+00,0.00000000000000e+00,0.00000000000000e+00,0.00000000000000e+00,0.00000000000000e+00,0.00000000000000e+00,0.00000000000000e+00,0.00000000000000e+00,0.00000000000000e+00,0.00000000000000e+00,0.00000000000000e+00
3.94369591260502e-03,0.00000000000000e+00,0.00000000000000e+00,0.00000000000000e+00,0.00000000000000e+00,0.00000000000000e+00,0.00000000000000e+00,0.00000000000000e+00,0.00000000000000e+00,0.00000000000000e+00,0.00000000000000e+00,0.00000000000000e+00,0.00000000000000e+00,0.00000000000000e+00,0.00000000000000e+00,0.00000000000000e+00,0.00000000000000e+00,0.00000000000000e+00,0.00000000000000e+00,0.00000000000000e+00
3.00406474254230e-03,0.00000000000000e+00,0.00000000000000e+00,0.00000000000000e+00,0.00000000000000e+00,0.00000000000000e+00,0.00000000000000e+00,0.00000000000000e+00,0.00000000000000e+00,0.00000000000000e+00,0.00000000000000e+00,0.00000000000000e+00,0.00000000000000e+00,0.00000000000000e+00,0.00000000000000e+00,0.00000000000000e+00,0.00000000000000e+00,0.00000000000000e+00,0.00000000000000e+00,0.00000000000000e+00
1.55556062208638e-03,0.00000000000000e+00,0.00000000000000e+00,0.00000000000000e+00,0.00000000000000e+00,0.00000000000000e+00,0.00000000000000e+00,0.00000000000000e+00,0.00000000000000e+00,0.00000000000000e+00,0.00000000000000e+00,0.00000000000000e+00,0.00000000000000e+00,0.00000000000000e+00,0.00000000000000e+00,0.00000000000000e+00,0.00000000000000e+00,0.00000000000000e+00,0.00000000000000e+00,0.00000000000000e+00
-2.03194403304725e-04,0.00000000000000e+00,0.00000000000000e+00,0.00000000000000e+00,0.00000000000000e+00,0.00000000000000e+00,0.00000000000000e+00,0.00000000000000e+00,0.00000000000000e+00,0.00000000000000e+00,0.00000000000000e+00,0.00000000000000e+00,0.00000000000000e+00,0.00000000000000e+00,0.00000000000000e+00,0.00000000000000e+00,0.00000000000000e+00,0.00000000000000e+00,0.00000000000000e+00,0.00000000000000e+00
-5.34962070105317e-03,0.00000000000000e+00,0.00000000000000e+00,0.00000000000000e+00,0.00000000000000e+00,0.00000000000000e+00,0.00000000000000e+00,0.00000000000000e+00,0.00000000000000e+00,0.00000000000000e+00,0.00000000000000e+00,0.00000000000000e+00,0.00000000000000e+00,0.00000000000000e+00,0.00000000000000e+00,0.00000000000000e+00,0.00000000000000e+00,0.00000000000000e+00,0.00000000000000e+00,0.00000000000000e+00
6.30807081070956e-03,0.00000000000000e+00,0.00000000000000e+00,0.00000000000000e+00,0.00000000000000e+00,0.00000000000000e+00,0.00000000000000e+00,0.00000000000000e+00,0.00000000000000e+00,0.00000000000000e+00,0.00000000000000e+00,0.00000000000000e+00,0.00000000000000e+00,0.00000000000000e+00,0.00000000000000e+00,0.00000000000000e+00,0.00000000000000e+00,0.00000000000000e+00,0.00000000000000e+00,0.00000000000000e+00
4.52136623899642e-03,0.00000000000000e+00,0.00000000000000e+00,0.00000000000000e+00,0.00000000000000e+00,0.00000000000000e+00,0.00000000000000e+00,0.00000000000000e+00,0.00000000000000e+00,0.00000000000000e+00,0.00000000000000e+00,0.00000000000000e+00,0.00000000000000e+00,0.00000000000000e+00,0.00000000000000e+00,0.00000000000000e+00,0.00000000000000e+00,0.00000000000000e+00,0.00000000000000e+00,0.00000000000000e+00
-6.73328746080137e-03,0.00000000000000e+00,0.00000000000000e+00,0.00000000000000e+00,0.00000000000000e+00,0.00000000000000e+00,0.00000000000000e+00,0.00000000000000e+00,0.00000000000000e+00,0.00000000000000e+00,0.00000000000000e+00,0.00000000000000e+00,0.00000000000000e+00,0.00000000000000e+00,0.00000000000000e+00,0.00000000000000e+00,0.00000000000000e+00,0.00000000000000e+00,0.00000000000000e+00,0.00000000000000e+00
1.20646285327867e-03,0.00000000000000e+00,0.00000000000000e+00,0.00000000000000e+00,0.00000000000000e+00,0.00000000000000e+00,0.00000000000000e+00,0.00000000000000e+00,0.00000000000000e+00,0.00000000000000e+00,0.00000000000000e+00,0.00000000000000e+00,0.00000000000000e+00,0.00000000000000e+00,0.00000000000000e+00,0.00000000000000e+00,0.00000000000000e+00,0.00000000000000e+00,0.00000000000000e+00,0.00000000000000e+00
-3.62832517897338e-03,0.00000000000000e+00,0.00000000000000e+00,0.00000000000000e+00,0.00000000000000e+00,0.00000000000000e+00,0.00000000000000e+00,0.00000000000000e+00,0.00000000000000e+00,0.00000000000000e+00,0.00000000000000e+00,0.00000000000000e+00,0.00000000000000e+00,0.00000000000000e+00,0.00000000000000e+00,0.00000000000000e+00,0.00000000000000e+00,0.00000000000000e+00,0.00000000000000e+00,0.00000000000000e+00
2.70817870489823e-03,0.00000000000000e+00,0.00000000000000e+00,0.00000000000000e+00,0.00000000000000e+00,0.00000000000000e+00,0.00000000000000e+00,0.00000000000000e+00,0.00000000000000e+00,0.00000000000000e+00,0.00000000000000e+00,0.00000000000000e+00,0.00000000000000e+00,0.00000000000000e+00,0.00000000000000e+00,0.00000000000000e+00,0.00000000000000e+00,0.00000000000000e+00,0.00000000000000e+00,0.00000000000000e+00
-3.38276946011568e-04,0.00000000000000e+00,0.00000000000000e+00,0.00000000000000e+00,0.00000000000000e+00,0.00000000000000e+00,0.00000000000000e+00,0.00000000000000e+00,0.00000000000000e+00,0.00000000000000e+00,0.00000000000000e+00,0.00000000000000e+00,0.00000000000000e+00,0.00000000000000e+00,0.00000000000000e+00,0.00000000000000e+00,0.00000000000000e+00,0.00000000000000e+00,0.00000000000000e+00,0.00000000000000e+00
6.03582601082504e-03,0.00000000000000e+00,0.00000000000000e+00,0.00000000000000e+00,0.00000000000000e+00,0.00000000000000e+00,0.00000000000000e+00,0.00000000000000e+00,0.00000000000000e+00,0.00000000000000e+00,0.00000000000000e+00,0.00000000000000e+00,0.00000000000000e+00,0.00000000000000e+00,0.00000000000000e+00,0.00000000000000e+00,0.00000000000000e+00,0.00000000000000e+00,0.00000000000000e+00,0.00000000000000e+00
7.28606031415292e-03,0.00000000000000e+00,0.00000000000000e+00,0.00000000000000e+00,0.00000000000000e+00,0.00000000000000e+00,0.00000000000000e+00,0.00000000000000e+00,0.00000000000000e+00,0.00000000000000e+00,0.00000000000000e+00,0.00000000000000e+00,0.00000000000000e+00,0.00000000000000e+00,0.00000000000000e+00,0.00000000000000e+00,0.00000000000000e+00,0.00000000000000e+00,0.00000000000000e+00,0.00000000000000e+00
-1.57676453463301e-04,0.00000000000000e+00,0.00000000000000e+00,0.00000000000000e+00,0.00000000000000e+00,0.00000000000000e+00,0.00000000000000e+00,0.00000000000000e+00,0.00000000000000e+00,0.00000000000000e+00,0.00000000000000e+00,0.00000000000000e+00,0.00000000000000e+00,0.00000000000000e+00,0.00000000000000e+00,0.00000000000000e+00,0.00000000000000e+00,0.00000000000000e+00,0.00000000000000e+00,0.00000000000000e+00
-7.29603382813150e-03,0.00000000000000e+00,0.00000000000000e+00,0.00000000000000e+00,0.00000000000000e+00,0.00000000000000e+00,0.00000000000000e+00,0.00000000000000e+00,0.00000000000000e+00,0.00000000000000e+00,0.00000000000000e+00,0.00000000000000e+00,0.00000000000000e+00,0.00000000000000e+00,0.00000000000000e+00,0.00000000000000e+00,0.00000000000000e+00,0.00000000000000e+00,0.00000000000000e+00,0.00000000000000e+00
-2.44126146137776e-03,0.00000000000000e+00,0.00000000000000e+00,0.00000000000000e+00,0.00000000000000e+00,0.00000000000000e+00,0.00000000000000e+00,0.00000000000000e+00,0.00000000000000e+00,0.00000000000000e+00,0.00000000000000e+00,0.00000000000000e+00,0.00000000000000e+00,0.00000000000000e+00,0.00000000000000e+00,0.00000000000000e+00,0.00000000000000e+00,0.00000000000000e+00,0.00000000000000e+00,0.00000000000000e+00
7.40193525791661e-04,0.00000000000000e+00,0.00000000000000e+00,0.00000000000000e+00,0.00000000000000e+00,0.00000000000000e+00,0.00000000000000e+00,0.00000000000000e+00,0.00000000000000e+00,0.00000000000000e+00,0.00000000000000e+00,0.00000000000000e+00,0.00000000000000e+00,0.00000000000000e+00,0.00000000000000e+00,0.00000000000000e+00,0.00000000000000e+00,0.00000000000000e+00,0.00000000000000e+00,0.00000000000000e+00
-3.25876254912251e-03,0.00000000000000e+00,0.00000000000000e+00,0.00000000000000e+00,0.00000000000000e+00,0.00000000000000e+00,0.00000000000000e+00,0.00000000000000e+00,0.00000000000000e+00,0.00000000000000e+00,0.00000000000000e+00,0.00000000000000e+00,0.00000000000000e+00,0.00000000000000e+00,0.00000000000000e+00,0.00000000000000e+00,0.00000000000000e+00,0.00000000000000e+00,0.00000000000000e+00,0.00000000000000e+00
1.91708846335529e-03,0.00000000000000e+00,0.00000000000000e+00,0.00000000000000e+00,0.00000000000000e+00,0.00000000000000e+00,0.00000000000000e+00,0.00000000000000e+00,0.00000000000000e+00,0.00000000000000e+00,0.00000000000000e+00,0.00000000000000e+00,0.00000000000000e+00,0.00000000000000e+00,0.00000000000000e+00,0.00000000000000e+00,0.00000000000000e+00,0.00000000000000e+00,0.00000000000000e+00,0.00000000000000e+00
-5.03698092688938e-04,0.00000000000000e+00,0.00000000000000e+00,0.00000000000000e+00,0.00000000000000e+00,0.00000000000000e+00,0.00000000000000e+00,0.00000000000000e+00,0.00000000000000e+00,0.00000000000000e+00,0.00000000000000e+00,0.00000000000000e+00,0.00000000000000e+00,0.00000000000000e+00,0.00000000000000e+00,0.00000000000000e+00,0.00000000000000e+00,0.00000000000000e+00,0.00000000000000e+00,0.00000000000000e+00
-1.69556839106317e-03,0.00000000000000e+00,0.00000000000000e+00,0.00000000000000e+00,0.00000000000000e+00,0.00000000000000e+00,0.00000000000000e+00,0.00000000000000e+00,0.00000000000000e+00,0.00000000000000e+00,0.00000000000000e+00,0.00000000000000e+00,0.00000000000000e+00,0.00000000000000e+00,0.00000000000000e+00,0.00000000000000e+00,0.00000000000000e+00,0.00000000000000e+00,0.00000000000000e+00,0.00000000000000e+00
5.49104725780811e-05,0.00000000000000e+00,0.00000000000000e+00,0.00000000000000e+00,0.00000000000000e+00,0.00000000000000e+00,0.00000000000000e+00,0.00000000000000e+00,0.00000000000000e+00,0.00000000000000e+00,0.00000000000000e+00,0.00000000000000e+00,0.00000000000000e+00,0.00000000000000e+00,0.00000000000000e+00,0.00000000000000e+00,0.00000000000000e+00,0.00000000000000e+00,0.00000000000000e+00,0.00000000000000e+00
-2.02907457619115e-03,0.00000000000000e+00,0.00000000000000e+00,0.00000000000000e+00,0.00000000000000e+00,0.00000000000000e+00,0.00000000000000e+00,0.00000000000000e+00,0.00000000000000e+00,0.00000000000000e+00,0.00000000000000e+00,0.00000000000000e+00,0.00000000000000e+00,0.00000000000000e+00,0.00000000000000e+00,0.00000000000000e+00,0.00000000000000e+00,0.00000000000000e+00,0.00000000000000e+00,0.00000000000000e+00
6.74975587253680e-03,0.00000000000000e+00,0.00000000000000e+00,0.00000000000000e+00,0.00000000000000e+00,0.00000000000000e+00,0.00000000000000e+00,0.00000000000000e+00,0.00000000000000e+00,0.00000000000000e+00,0.00000000000000e+00,0.00000000000000e+00,0.00000000000000e+00,0.00000000000000e+00,0.00000000000000e+00,0.00000000000000e+00,0.00000000000000e+00,0.00000000000000e+00,0.00000000000000e+00,0.00000000000000e+00
3.18005324035604e-03,0.00000000000000e+00,0.00000000000000e+00,0.00000000000000e+00,0.00000000000000e+00,0.00000000000000e+00,0.00000000000000e+00,0.00000000000000e+00,0.00000000000000e+00,0.00000000000000e+00,0.00000000000000e+00,0.00000000000000e+00,0.00000000000000e+00,0.00000000000000e+00,0.00000000000000e+00,0.00000000000000e+00,0.00000000000000e+00,0.00000000000000e+00,0.00000000000000e+00,0.00000000000000e+00
9.17435392969947e-04,0.00000000000000e+00,0.00000000000000e+00,0.00000000000000e+00,0.00000000000000e+00,0.00000000000000e+00,0.00000000000000e+00,0.00000000000000e+00,0.00000000000000e+00,0.00000000000000e+00,0.00000000000000e+00,0.00000000000000e+00,0.00000000000000e+00,0.00000000000000e+00,0.00000000000000e+00,0.00000000000000e+00,0.00000000000000e+00,0.00000000000000e+00,0.00000000000000e+00,0.00000000000000e+00
3.61707356392307e-04,0.00000000000000e+00,0.00000000000000e+00,0.00000000000000e+00,0.00000000000000e+00,0.00000000000000e+00,0.00000000000000e+00,0.00000000000000e+00,0.00000000000000e+00,0.00000000000000e+00,0.00000000000000e+00,0.00000000000000e+00,0.00000000000000e+00,0.00000000000000e+00,0.00000000000000e+00,0.00000000000000e+00,0.00000000000000e+00,0.00000000000000e+00,0.00000000000000e+00,0.00000000000000e+00
-2.75261782948791e-03,0.00000000000000e+00,0.00000000000000e+00,0.00000000000000e+00,0.00000000000000e+00,0.00000000000000e+00,0.00000000000000e+00,0.00000000000000e+00,0.00000000000000e+00,0.00000000000000e+00,0.00000000000000e+00,0.00000000000000e+00,0.00000000000000e+00,0.00000000000000e+00,0.00000000000000e+00,0.00000000000000e+00,0.00000000000000e+00,0.00000000000000e+00,0.00000000000000e+00,0.00000000000000e+00
-3.48988011553788e-03,0.00000000000000e+00,0.00000000000000e+00,0.00000000000000e+00,0.00000000000000e+00,0.00000000000000e+00,0.00000000000000e+00,0.00000000000000e+00,0.00000000000000e+00,0.00000000000000e+00,0.00000000000000e+00,0.00000000000000e+00,0.00000000000000e+00,0.00000000000000e+00,0.00000000000000e+00,0.00000000000000e+00,0.00000000000000e+00,0.00000000000000e+00,0.00000000000000e+00,0.00000000000000e+00
-5.68902577540909e-03,0.00000000000000e+00,0.00000000000000e+00,0.00000000000000e+00,0.00000000000000e+00,0.00000000000000e+00,0.00000000000000e+00,0.00000000000000e+00,0.00000000000000e+00,0.00000000000000e+00,0.00000000000000e+00,0.00000000000000e+00,0.00000000000000e+00,0.00000000000000e+00,0.00000000000000e+00,0.00000000000000e+00,0.00000000000000e+00,0.00000000000000e+00,0.00000000000000e+00,0.00000000000000e+00
-4.88049704568683e-03,0.00000000000000e+00,0.00000000000000e+00,0.00000000000000e+00,0.00000000000000e+00,0.00000000000000e+00,0.00000000000000e+00,0.00000000000000e+00,0.00000000000000e+00,0.00000000000000e+00,0.00000000000000e+00,0.00000000000000e+00,0.00000000000000e+00,0.00000000000000e+00,0.00000000000000e+00,0.00000000000000e+00,0.00000000000000e+00,0.00000000000000e+00,0.00000000000000e+00,0.00000000000000e+00
3.11152915587148e-03,0.00000000000000e+00,0.00000000000000e+00,0.00000000000000e+00,0.00000000000000e+00,0.00000000000000e+00,0.00000000000000e+00,0.00000000000000e+00,0.00000000000000e+00,0.00000000000000e+00,0.00000000000000e+00,0.00000000000000e+00,0.00000000000000e+00,0.00000000000000e+00,0.00000000000000e+00,0.00000000000000e+00,0.00000000000000e+00,0.00000000000000e+00,0.00000000000000e+00,0.00000000000000e+00
7.65131313646876e-03,0.00000000000000e+00,0.00000000000000e+00,0.00000000000000e+00,0.00000000000000e+00,0.00000000000000e+00,0.00000000000000e+00,0.00000000000000e+00,0.00000000000000e+00,0.00000000000000e+00,0.00000000000000e+00,0.00000000000000e+00,0.00000000000000e+00,0.00000000000000e+00,0.00000000000000e+00,0.00000000000000e+00,0.00000000000000e+00,0.00000000000000e+00,0.00000000000000e+00,0.00000000000000e+00
-4.52364603840767e-03,0.00000000000000e+00,0.00000000000000e+00,0.00000000000000e+00,0.00000000000000e+00,0.00000000000000e+00,0.00000000000000e+00,0.00000000000000e+00,0.00000000000000e+00,0.00000000000000e+00,0.00000000000000e+00,0.00000000000000e+00,0.00000000000000e+00,0.00000000000000e+00,0.00000000000000e+00,0.00000000000000e+00,0.00000000000000e+00,0.00000000000000e+00,0.00000000000000e+00,0.00000000000000e+00
1.69699137338414e-03,0.00000000000000e+00,0.00000000000000e+00,0.00000000000000e+00,0.00000000000000e+00,0.00000000000000e+00,0.00000000000000e+00,0.00000000000000e+00,0.00000000000000e+00,0.00000000000000e+00,0.00000000000000e+00,0.00000000000000e+00,0.00000000000000e+00,0.00000000000000e+00,0.00000000000000e+00,0.00000000000000e+00,0.00000000000000e+00,0.00000000000000e+00,0.00000000000000e+00,0.00000000000000e+00
-1.44616049560095e-03,0.00000000000000e+00,0.00000000000000e+00,0.00000000000000e+00,0.00000000000000e+00,0.00000000000000e+00,0.00000000000000e+00,0.00000000000000e+00,0.00000000000000e+00,0.00000000000000e+00,0.00000000000000e+00,0.00000000000000e+00,0.00000000000000e+00,0.00000000000000e+00,0.00000000000000e+00,0.00000000000000e+00,0.00000000000000e+00,0.00000000000000e+00,0.00000000000000e+00,0.00000000000000e+00
4.65531332651548e-03,0.00000000000000e+00,0.00000000000000e+00,0.00000000000000e+00,0.00000000000000e+00,0.00000000000000e+00,0.00000000000000e+00,0.00000000000000e+00,0.00000000000000e+00,0.00000000000000e+00,0.00000000000000e+00,0.00000000000000e+00,0.00000000000000e+00,0.00000000000000e+00,0.00000000000000e+00,0.00000000000000e+00,0.00000000000000e+00,0.00000000000000e+00,0.00000000000000e+00,0.00000000000000e+00
-6.57090166172865e-03,0.00000000000000e+00,0.00000000000000e+00,0.00000000000000e+00,0.00000000000000e+00,0.00000000000000e+00,0.00000000000000e+00,0.00000000000000e+00,0.00000000000000e+00,0.00000000000000e+00,0.00000000000000e+00,0.00000000000000e+00,0.00000000000000e+00,0.00000000000000e+00,0.00000000000000e+00,0.00000000000000e+00,0.00000000000000e+00,0.00000000000000e+00,0.00000000000000e+00,0.00000000000000e+00
9.30110404941489e-07,0.00000000000000e+00,0.00000000000000e+00,0.00000000000000e+00,0.00000000000000e+00,0.00000000000000e+00,0.00000000000000e+00,0.00000000000000e+00,0.00000000000000e+00,0.00000000000000e+00,0.00000000000000e+00,0.00000000000000e+00,0.00000000000000e+00,0.00000000000000e+00,0.00000000000000e+00,0.00000000000000e+00,0.00000000000000e+00,0.00000000000000e+00,0.00000000000000e+00,0.00000000000000e+00
-2.63323801628504e-05,0.00000000000000e+00,0.00000000000000e+00,0.00000000000000e+00,0.00000000000000e+00,0.00000000000000e+00,0.00000000000000e+00,0.00000000000000e+00,0.00000000000000e+00,0.00000000000000e+00,0.00000000000000e+00,0.00000000000000e+00,0.00000000000000e+00,0.00000000000000e+00,0.00000000000000e+00,0.00000000000000e+00,0.00000000000000e+00,0.00000000000000e+00,0.00000000000000e+00,0.00000000000000e+00
4.34176660210190e-03,0.00000000000000e+00,0.00000000000000e+00,0.00000000000000e+00,0.00000000000000e+00,0.00000000000000e+00,0.00000000000000e+00,0.00000000000000e+00,0.00000000000000e+00,0.00000000000000e+00,0.00000000000000e+00,0.00000000000000e+00,0.00000000000000e+00,0.00000000000000e+00,0.00000000000000e+00,0.00000000000000e+00,0.00000000000000e+00,0.00000000000000e+00,0.00000000000000e+00,0.00000000000000e+00
-2.80479486457440e-03,0.00000000000000e+00,0.00000000000000e+00,0.00000000000000e+00,0.00000000000000e+00,0.00000000000000e+00,0.00000000000000e+00,0.00000000000000e+00,0.00000000000000e+00,0.00000000000000e+00,0.00000000000000e+00,0.00000000000000e+00,0.00000000000000e+00,0.00000000000000e+00,0.00000000000000e+00,0.00000000000000e+00,0.00000000000000e+00,0.00000000000000e+00,0.00000000000000e+00,0.00000000000000e+00
7.18698636188006e-04,0.00000000000000e+00,0.00000000000000e+00,0.00000000000000e+00,0.00000000000000e+00,0.00000000000000e+00,0.00000000000000e+00,0.00000000000000e+00,0.00000000000000e+00,0.00000000000000e+00,0.00000000000000e+00,0.00000000000000e+00,0.00000000000000e+00,0.00000000000000e+00,0.00000000000000e+00,0.00000000000000e+00,0.00000000000000e+00,0.00000000000000e+00,0.00000000000000e+00,0.00000000000000e+00
2.25139565251795e-03,0.00000000000000e+00,0.00000000000000e+00,0.00000000000000e+00,0.00000000000000e+00,0.00000000000000e+00,0.00000000000000e+00,0.00000000000000e+00,0.00000000000000e+00,0.00000000000000e+00,0.00000000000000e+00,0.00000000000000e+00,0.00000000000000e+00,0.00000000000000e+00,0.00000000000000e+00,0.00000000000000e+00,0.00000000000000e+00,0.00000000000000e+00,0.00000000000000e+00,0.00000000000000e+00
1.07688263807849e-03,0.00000000000000e+00,0.00000000000000e+00,0.00000000000000e+00,0.00000000000000e+00,0.00000000000000e+00,0.00000000000000e+00,0.00000000000000e+00,0.00000000000000e+00,0.00000000000000e+00,0.00000000000000e+00,0.00000000000000e+00,0.00000000000000e+00,0.00000000000000e+00,0.00000000000000e+00,0.00000000000000e+00,0.00000000000000e+00,0.00000000000000e+00,0.00000000000000e+00,0.00000000000000e+00
7.12828491034102e-03,0.00000000000000e+00,0.00000000000000e+00,0.00000000000000e+00,0.00000000000000e+00,0.00000000000000e+00,0.00000000000000e+00,0.00000000000000e+00,0.00000000000000e+00,0.00000000000000e+00,0.00000000000000e+00,0.00000000000000e+00,0.00000000000000e+00,0.00000000000000e+00,0.00000000000000e+00,0.00000000000000e+00,0.00000000000000e+00,0.00000000000000e+00,0.00000000000000e+00,0.00000000000000e+00
-2.75854525239595e-03,0.00000000000000e+00,0.00000000000000e+00,0.00000000000000e+00,0.00000000000000e+00,0.00000000000000e+00,0.00000000000000e+00,0.00000000000000e+00,0.00000000000000e+00,0.00000000000000e+00,0.00000000000000e+00,0.00000000000000e+00,0.00000000000000e+00,0.00000000000000e+00,0.00000000000000e+00,0.00000000000000e+00,0.00000000000000e+00,0.00000000000000e+00,0.00000000000000e+00,0.00000000000000e+00
2.16613229323191e-03,0.00000000000000e+00,0.00000000000000e+00,0.00000000000000e+00,0.00000000000000e+00,0.00000000000000e+00,0.00000000000000e+00,0.00000000000000e+00,0.00000000000000e+00,0.00000000000000e+00,0.00000000000000e+00,0.00000000000000e+00,0.00000000000000e+00,0.00000000000000e+00,0.00000000000000e+00,0.00000000000000e+00,0.00000000000000e+00,0.00000000000000e+00,0.00000000000000e+00,0.00000000000000e+00
-2.17847232581760e-03,0.00000000000000e+00,0.00000000000000e+00,0.00000000000000e+00,0.00000000000000e+00,0.00000000000000e+00,0.00000000000000e+00,0.00000000000000e+00,0.00000000000000e+00,0.00000000000000e+00,0.00000000000000e+00,0.00000000000000e+00,0.00000000000000e+00,0.00000000000000e+00,0.00000000000000e+00,0.00000000000000e+00,0.00000000000000e+00,0.00000000000000e+00,0.00000000000000e+00,0.00000000000000e+00
3.56630387247026e-03,0.00000000000000e+00,0.00000000000000e+00,0.00000000000000e+00,0.00000000000000e+00,0.00000000000000e+00,0.00000000000000e+00,0.00000000000000e+00,0.00000000000000e+00,0.00000000000000e+00,0.00000000000000e+00,0.00000000000000e+00,0.00000000000000e+00,0.00000000000000e+00,0.00000000000000e+00,0.00000000000000e+00,0.00000000000000e+00,0.00000000000000e+00,0.00000000000000e+00,0.00000000000000e+00
-3.78899399097891e-04,0.00000000000000e+00,0.00000000000000e+00,0.00000000000000e+00,0.00000000000000e+00,0.00000000000000e+00,0.00000000000000e+00,0.00000000000000e+00,0.00000000000000e+00,0.00000000000000e+00,0.00000000000000e+00,0.00000000000000e+00,0.00000000000000e+00,0.00000000000000e+00,0.00000000000000e+00,0.00000000000000e+00,0.00000000000000e+00,0.00000000000000e+00,0.00000000000000e+00,0.00000000000000e+00
-1.07265203176289e-02,0.00000000000000e+00,0.00000000000000e+00,0.00000000000000e+00,0.00000000000000e+00,0.00000000000000e+00,0.00000000000000e+00,0.00000000000000e+00,0.00000000000000e+00,0.00000000000000e+00,0.00000000000000e+00,0.00000000000000e+00,0.00000000000000e+00,0.00000000000000e+00,0.00000000000000e+00,0.00000000000000e+00,0.00000000000000e+00,0.00000000000000e+00,0.00000000000000e+00,0.00000000000000e+00
2.59035427012611e-03,0.00000000000000e+00,0.00000000000000e+00,0.00000000000000e+00,0.00000000000000e+00,0.00000000000000e+00,0.00000000000000e+00,0.00000000000000e+00,0.00000000000000e+00,0.00000000000000e+00,0.00000000000000e+00,0.00000000000000e+00,0.00000000000000e+00,0.00000000000000e+00,0.00000000000000e+00,0.00000000000000e+00,0.00000000000000e+00,0.00000000000000e+00,0.00000000000000e+00,0.00000000000000e+00
2.41801074117534e-03,0.00000000000000e+00,0.00000000000000e+00,0.00000000000000e+00,0.00000000000000e+00,0.00000000000000e+00,0.00000000000000e+00,0.00000000000000e+00,0.00000000000000e+00,0.00000000000000e+00,0.00000000000000e+00,0.00000000000000e+00,0.00000000000000e+00,0.00000000000000e+00,0.00000000000000e+00,0.00000000000000e+00,0.00000000000000e+00,0.00000000000000e+00,0.00000000000000e+00,0.00000000000000e+00
-3.94777765743096e-03,0.00000000000000e+00,0.00000000000000e+00,0.00000000000000e+00,0.00000000000000e+00,0.00000000000000e+00,0.00000000000000e+00,0.00000000000000e+00,0.00000000000000e+00,0.00000000000000e+00,0.00000000000000e+00,0.00000000000000e+00,0.00000000000000e+00,0.00000000000000e+00,0.00000000000000e+00,0.00000000000000e+00,0.00000000000000e+00,0.00000000000000e+00,0.00000000000000e+00,0.00000000000000e+00
7.22078066521087e-04,0.00000000000000e+00,0.00000000000000e+00,0.00000000000000e+00,0.00000000000000e+00,0.00000000000000e+00,0.00000000000000e+00,0.00000000000000e+00,0.00000000000000e+00,0.00000000000000e+00,0.00000000000000e+00,0.00000000000000e+00,0.00000000000000e+00,0.00000000000000e+00,0.00000000000000e+00,0.00000000000000e+00,0.00000000000000e+00,0.00000000000000e+00,0.00000000000000e+00,0.00000000000000e+00
4.85576576650526e-03,0.00000000000000e+00,0.00000000000000e+00,0.00000000000000e+00,0.00000000000000e+00,0.00000000000000e+00,0.00000000000000e+00,0.00000000000000e+00,0.00000000000000e+00,0.00000000000000e+00,0.00000000000000e+00,0.00000000000000e+00,0.00000000000000e+00,0.00000000000000e+00,0.00000000000000e+00,0.00000000000000e+00,0.00000000000000e+00,0.00000000000000e+00,0.00000000000000e+00,0.00000000000000e+00
1.97501263381058e-03,0.00000000000000e+00,0.00000000000000e+00,0.00000000000000e+00,0.00000000000000e+00,0.00000000000000e+00,0.00000000000000e+00,0.00000000000000e+00,0.00000000000000e+00,0.00000000000000e+00,0.00000000000000e+00,0.00000000000000e+00,0.00000000000000e+00,0.00000000000000e+00,0.00000000000000e+00,0.00000000000000e+00,0.00000000000000e+00,0.00000000000000e+00,0.00000000000000e+00,0.00000000000000e+00
-3.56350270232060e-03,0.00000000000000e+00,0.00000000000000e+00,0.00000000000000e+00,0.00000000000000e+00,0.00000000000000e+00,0.00000000000000e+00,0.00000000000000e+00,0.00000000000000e+00,0.00000000000000e+00,0.00000000000000e+00,0.00000000000000e+00,0.00000000000000e+00,0.00000000000000e+00,0.00000000000000e+00,0.00000000000000e+00,0.00000000000000e+00,0.00000000000000e+00,0.00000000000000e+00,0.00000000000000e+00
-2.11326771471600e-03,0.00000000000000e+00,0.00000000000000e+00,0.00000000000000e+00,0.00000000000000e+00,0.00000000000000e+00,0.00000000000000e+00,0.00000000000000e+00,0.00000000000000e+00,0.00000000000000e+00,0.00000000000000e+00,0.00000000000000e+00,0.00000000000000e+00,0.00000000000000e+00,0.00000000000000e+00,0.00000000000000e+00,0.00000000000000e+00,0.00000000000000e+00,0.00000000000000e+00,0.00000000000000e+00
-9.85487875264215e-04,0.00000000000000e+00,0.00000000000000e+00,0.00000000000000e+00,0.00000000000000e+00,0.00000000000000e+00,0.00000000000000e+00,0.00000000000000e+00,0.00000000000000e+00,0.00000000000000e+00,0.00000000000000e+00,0.00000000000000e+00,0.00000000000000e+00,0.00000000000000e+00,0.00000000000000e+00,0.00000000000000e+00,0.00000000000000e+00,0.00000000000000e+00,0.00000000000000e+00,0.00000000000000e+00
5.92126164583516e-03,0.00000000000000e+00,0.00000000000000e+00,0.00000000000000e+00,0.00000000000000e+00,0.00000000000000e+00,0.00000000000000e+00,0.00000000000000e+00,0.00000000000000e+00,0.00000000000000e+00,0.00000000000000e+00,0.00000000000000e+00,0.00000000000000e+00,0.00000000000000e+00,0.00000000000000e+00,0.00000000000000e+00,0.00000000000000e+00,0.00000000000000e+00,0.00000000000000e+00,0.00000000000000e+00
4.95200777567908e-03,0.00000000000000e+00,0.00000000000000e+00,0.00000000000000e+00,0.00000000000000e+00,0.00000000000000e+00,0.00000000000000e+00,0.00000000000000e+00,0.00000000000000e+00,0.00000000000000e+00,0.00000000000000e+00,0.00000000000000e+00,0.00000000000000e+00,0.00000000000000e+00,0.00000000000000e+00,0.00000000000000e+00,0.00000000000000e+00,0.00000000000000e+00,0.00000000000000e+00,0.00000000000000e+00
7.81725406566242e-03,0.00000000000000e+00,0.00000000000000e+00,0.00000000000000e+00,0.00000000000000e+00,0.00000000000000e+00,0.00000000000000e+00,0.00000000000000e+00,0.00000000000000e+00,0.00000000000000e+00,0.00000000000000e+00,0.00000000000000e+00,0.00000000000000e+00,0.00000000000000e+00,0.00000000000000e+00,0.00000000000000e+00,0.00000000000000e+00,0.00000000000000e+00,0.00000000000000e+00,0.00000000000000e+00
-2.79922374932824e-03,0.00000000000000e+00,0.00000000000000e+00,0.00000000000000e+00,0.00000000000000e+00,0.00000000000000e+00,0.00000000000000e+00,0.00000000000000e+00,0.00000000000000e+00,0.00000000000000e+00,0.00000000000000e+00,0.00000000000000e+00,0.00000000000000e+00,0.00000000000000e+00,0.00000000000000e+00,0.00000000000000e+00,0.00000000000000e+00,0.00000000000000e+00,0.00000000000000e+00,0.00000000000000e+00
-2.92247425970971e-03,0.00000000000000e+00,0.00000000000000e+00,0.00000000000000e+00,0.00000000000000e+00,0.00000000000000e+00,0.00000000000000e+00,0.00000000000000e+00,0.00000000000000e+00,0.00000000000000e+00,0.00000000000000e+00,0.00000000000000e+00,0.00000000000000e+00,0.00000000000000e+00,0.00000000000000e+00,0.00000000000000e+00,0.00000000000000e+00,0.00000000000000e+00,0.00000000000000e+00,0.00000000000000e+00
-2.62248215553918e-03,0.00000000000000e+00,0.00000000000000e+00,0.00000000000000e+00,0.00000000000000e+00,0.00000000000000e+00,0.00000000000000e+00,0.00000000000000e+00,0.00000000000000e+00,0.00000000000000e+00,0.00000000000000e+00,0.00000000000000e+00,0.00000000000000e+00,0.00000000000000e+00,0.00000000000000e+00,0.00000000000000e+00,0.00000000000000e+00,0.00000000000000e+00,0.00000000000000e+00,0.00000000000000e+00
-5.89953004262129e-03,0.00000000000000e+00,0.00000000000000e+00,0.00000000000000e+00,0.00000000000000e+00,0.00000000000000e+00,0.00000000000000e+00,0.00000000000000e+00,0.00000000000000e+00,0.00000000000000e+00,0.00000000000000e+00,0.00000000000000e+00,0.00000000000000e+00,0.00000000000000e+00,0.00000000000000e+00,0.00000000000000e+00,0.00000000000000e+00,0.00000000000000e+00,0.00000000000000e+00,0.00000000000000e+00
-3.54581871159859e-03,0.00000000000000e+00,0.00000000000000e+00,0.00000000000000e+00,0.00000000000000e+00,0.00000000000000e+00,0.00000000000000e+00,0.00000000000000e+00,0.00000000000000e+00,0.00000000000000e+00,0.00000000000000e+00,0.00000000000000e+00,0.00000000000000e+00,0.00000000000000e+00,0.00000000000000e+00,0.00000000000000e+00,0.00000000000000e+00,0.00000000000000e+00,0.00000000000000e+00,0.00000000000000e+00
-9.06285690941910e-04,0.00000000000000e+00,0.00000000000000e+00,0.00000000000000e+00,0.00000000000000e+00,0.00000000000000e+00,0.00000000000000e+00,0.00000000000000e+00,0.00000000000000e+00,0.00000000000000e+00,0.00000000000000e+00,0.00000000000000e+00,0.00000000000000e+00,0.00000000000000e+00,0.00000000000000e+00,0.00000000000000e+00,0.00000000000000e+00,0.00000000000000e+00,0.00000000000000e+00,0.00000000000000e+00
-7.33816592167748e-04,0.00000000000000e+00,0.00000000000000e+00,0.00000000000000e+00,0.00000000000000e+00,0.00000000000000e+00,0.00000000000000e+00,0.00000000000000e+00,0.00000000000000e+00,0.00000000000000e+00,0.00000000000000e+00,0.00000000000000e+00,0.00000000000000e+00,0.00000000000000e+00,0.00000000000000e+00,0.00000000000000e+00,0.00000000000000e+00,0.00000000000000e+00,0.00000000000000e+00,0.00000000000000e+00
-1.21771261788605e-03,0.00000000000000e+00,0.00000000000000e+00,0.00000000000000e+00,0.00000000000000e+00,0.00000000000000e+00,0.00000000000000e+00,0.00000000000000e+00,0.00000000000000e+00,0.00000000000000e+00,0.00000000000000e+00,0.00000000000000e+00,0.00000000000000e+00,0.00000000000000e+00,0.00000000000000e+00,0.00000000000000e+00,0.00000000000000e+00,0.00000000000000e+00,0.00000000000000e+00,0.00000000000000e+00
4.85520201252121e-05,0.00000000000000e+00,0.00000000000000e+00,0.00000000000000e+00,0.00000000000000e+00,0.00000000000000e+00,0.00000000000000e+00,0.00000000000000e+00,0.00000000000000e+00,0.00000000000000e+00,0.00000000000000e+00,0.00000000000000e+00,0.00000000000000e+00,0.00000000000000e+00,0.00000000000000e+00,0.00000000000000e+00,0.00000000000000e+00,0.00000000000000e+00,0.00000000000000e+00,0.00000000000000e+00
-3.94951134954422e-03,0.00000000000000e+00,0.00000000000000e+00,0.00000000000000e+00,0.00000000000000e+00,0.00000000000000e+00,0.00000000000000e+00,0.00000000000000e+00,0.00000000000000e+00,0.00000000000000e+00,0.00000000000000e+00,0.00000000000000e+00,0.00000000000000e+00,0.00000000000000e+00,0.00000000000000e+00,0.00000000000000e+00,0.00000000000000e+00,0.00000000000000e+00,0.00000000000000e+00,0.00000000000000e+00
3.98163328626410e-03,0.00000000000000e+00,0.00000000000000e+00,0.00000000000000e+00,0.00000000000000e+00,0.00000000000000e+00,0.00000000000000e+00,0.00000000000000e+00,0.00000000000000e+00,0.00000000000000e+00,0.00000000000000e+00,0.00000000000000e+00,0.00000000000000e+00,0.00000000000000e+00,0.00000000000000e+00,0.00000000000000e+00,0.00000000000000e+00,0.00000000000000e+00,0.00000000000000e+00,0.00000000000000e+00
-4.58819019817675e-03,0.00000000000000e+00,0.00000000000000e+00,0.00000000000000e+00,0.00000000000000e+00,0.00000000000000e+00,0.00000000000000e+00,0.00000000000000e+00,0.00000000000000e+00,0.00000000000000e+00,0.00000000000000e+00,0.00000000000000e+00,0.00000000000000e+00,0.00000000000000e+00,0.00000000000000e+00,0.00000000000000e+00,0.00000000000000e+00,0.00000000000000e+00,0.00000000000000e+00,0.00000000000000e+00
5.49846686784083e-03,0.00000000000000e+00,0.00000000000000e+00,0.00000000000000e+00,0.00000000000000e+00,0.00000000000000e+00,0.00000000000000e+00,0.00000000000000e+00,0.00000000000000e+00,0.00000000000000e+00,0.00000000000000e+00,0.00000000000000e+00,0.00000000000000e+00,0.00000000000000e+00,0.00000000000000e+00,0.00000000000000e+00,0.00000000000000e+00,0.00000000000000e+00,0.00000000000000e+00,0.00000000000000e+00
-4.00889505809734e-03,0.00000000000000e+00,0.00000000000000e+00,0.00000000000000e+00,0.00000000000000e+00,0.00000000000000e+00,0.00000000000000e+00,0.00000000000000e+00,0.00000000000000e+00,0.00000000000000e+00,0.00000000000000e+00,0.00000000000000e+00,0.00000000000000e+00,0.00000000000000e+00,0.00000000000000e+00,0.00000000000000e+00,0.00000000000000e+00,0.00000000000000e+00,0.00000000000000e+00,0.00000000000000e+00
1.70123862100149e-03,0.00000000000000e+00,0.00000000000000e+00,0.00000000000000e+00,0.00000000000000e+00,0.00000000000000e+00,0.00000000000000e+00,0.00000000000000e+00,0.00000000000000e+00,0.00000000000000e+00,0.00000000000000e+00,0.00000000000000e+00,0.00000000000000e+00,0.00000000000000e+00,0.00000000000000e+00,0.00000000000000e+00,0.00000000000000e+00,0.00000000000000e+00,0.00000000000000e+00,0.00000000000000e+00
2.05414291467321e-03,0.00000000000000e+00,0.00000000000000e+00,0.00000000000000e+00,0.00000000000000e+00,0.00000000000000e+00,0.00000000000000e+00,0.00000000000000e+00,0.00000000000000e+00,0.00000000000000e+00,0.00000000000000e+00,0.00000000000000e+00,0.00000000000000e+00,0.00000000000000e+00,0.00000000000000e+00,0.00000000000000e+00,0.00000000000000e+00,0.00000000000000e+00,0.00000000000000e+00,0.00000000000000e+00
-9.72690822108153e-03,0.00000000000000e+00,0.00000000000000e+00,0.00000000000000e+00,0.00000000000000e+00,0.00000000000000e+00,0.00000000000000e+00,0.00000000000000e+00,0.00000000000000e+00,0.00000000000000e+00,0.00000000000000e+00,0.00000000000000e+00,0.00000000000000e+00,0.00000000000000e+00,0.00000000000000e+00,0.00000000000000e+00,0.00000000000000e+00,0.00000000000000e+00,0.00000000000000e+00,0.00000000000000e+00
-7.45856498929845e-04,0.00000000000000e+00,0.00000000000000e+00,0.00000000000000e+00,0.00000000000000e+00,0.00000000000000e+00,0.00000000000000e+00,0.00000000000000e+00,0.00000000000000e+00,0.00000000000000e+00,0.00000000000000e+00,0.00000000000000e+00,0.00000000000000e+00,0.00000000000000e+00,0.00000000000000e+00,0.00000000000000e+00,0.00000000000000e+00,0.00000000000000e+00,0.00000000000000e+00,0.00000000000000e+00
-1.44107192855507e-03,0.00000000000000e+00,0.00000000000000e+00,0.00000000000000e+00,0.00000000000000e+00,0.00000000000000e+00,0.00000000000000e+00,0.00000000000000e+00,0.00000000000000e+00,0.00000000000000e+00,0.00000000000000e+00,0.00000000000000e+00,0.00000000000000e+00,0.00000000000000e+00,0.00000000000000e+00,0.00000000000000e+00,0.00000000000000e+00,0.00000000000000e+00,0.00000000000000e+00,0.00000000000000e+00
4.11461310395636e-03,0.00000000000000e+00,0.00000000000000e+00,0.00000000000000e+00,0.00000000000000e+00,0.00000000000000e+00,0.00000000000000e+00,0.00000000000000e+00,0.00000000000000e+00,0.00000000000000e+00,0.00000000000000e+00,0.00000000000000e+00,0.00000000000000e+00,0.00000000000000e+00,0.00000000000000e+00,0.00000000000000e+00,0.00000000000000e+00,0.00000000000000e+00,0.00000000000000e+00,0.00000000000000e+00
7.36855252534653e-03,0.00000000000000e+00,0.00000000000000e+00,0.00000000000000e+00,0.00000000000000e+00,0.00000000000000e+00,0.00000000000000e+00,0.00000000000000e+00,0.00000000000000e+00,0.00000000000000e+00,0.00000000000000e+00,0.00000000000000e+00,0.00000000000000e+00,0.00000000000000e+00,0.00000000000000e+00,0.00000000000000e+00,0.00000000000000e+00,0.00000000000000e+00,0.00000000000000e+00,0.00000000000000e+00
3.77128252538188e-05,0.00000000000000e+00,0.00000000000000e+00,0.00000000000000e+00,0.00000000000000e+00,0.00000000000000e+00,0.00000000000000e+00,0.00000000000000e+00,0.00000000000000e+00,0.00000000000000e+00,0.00000000000000e+00,0.00000000000000e+00,0.00000000000000e+00,0.00000000000000e+00,0.00000000000000e+00,0.00000000000000e+00,0.00000000000000e+00,0.00000000000000e+00,0.00000000000000e+00,0.00000000000000e+00
3.04450892151234e-03,0.00000000000000e+00,0.00000000000000e+00,0.00000000000000e+00,0.00000000000000e+00,0.00000000000000e+00,0.00000000000000e+00,0.00000000000000e+00,0.00000000000000e+00,0.00000000000000e+00,0.00000000000000e+00,0.00000000000000e+00,0.00000000000000e+00,0.00000000000000e+00,0.00000000000000e+00,0.00000000000000e+00,0.00000000000000e+00,0.00000000000000e+00,0.00000000000000e+00,0.00000000000000e+00
1.30927434545474e-02,0.00000000000000e+00,0.00000000000000e+00,0.00000000000000e+00,0.00000000000000e+00,0.00000000000000e+00,0.00000000000000e+00,0.00000000000000e+00,0.00000000000000e+00,0.00000000000000e+00,0.00000000000000e+00,0.00000000000000e+00,0.00000000000000e+00,0.00000000000000e+00,0.00000000000000e+00,0.00000000000000e+00,0.00000000000000e+00,0.00000000000000e+00,0.00000000000000e+00,0.00000000000000e+00
3.76521739017725e-03,0.00000000000000e+00,0.00000000000000e+00,0.00000000000000e+00,0.00000000000000e+00,0.00000000000000e+00,0.00000000000000e+00,0.00000000000000e+00,0.00000000000000e+00,0.00000000000000e+00,0.00000000000000e+00,0.00000000000000e+00,0.00000000000000e+00,0.00000000000000e+00,0.00000000000000e+00,0.00000000000000e+00,0.00000000000000e+00,0.00000000000000e+00,0.00000000000000e+00,0.00000000000000e+00
6.77545350551971e-03,0.00000000000000e+00,0.00000000000000e+00,0.00000000000000e+00,0.00000000000000e+00,0.00000000000000e+00,0.00000000000000e+00,0.00000000000000e+00,0.00000000000000e+00,0.00000000000000e+00,0.00000000000000e+00,0.00000000000000e+00,0.00000000000000e+00,0.00000000000000e+00,0.00000000000000e+00,0.00000000000000e+00,0.00000000000000e+00,0.00000000000000e+00,0.00000000000000e+00,0.00000000000000e+00
4.41339852571891e-03,0.00000000000000e+00,0.00000000000000e+00,0.00000000000000e+00,0.00000000000000e+00,0.00000000000000e+00,0.00000000000000e+00,0.00000000000000e+00,0.00000000000000e+00,0.00000000000000e+00,0.00000000000000e+00,0.00000000000000e+00,0.00000000000000e+00,0.00000000000000e+00,0.00000000000000e+00,0.00000000000000e+00,0.00000000000000e+00,0.00000000000000e+00,0.00000000000000e+00,0.00000000000000e+00
